FROMTIME,TIMELEVEL,DATE,TIME,TIMELEVELFACTOR,ASMSTATEID,ASSETID,VERSIONID,AJTOLOCLAT,AJFROMLOCID,AJTOLOCID,AJTOLOCLONG,AJTOTIME,AJFROMLOCLAT,AJLOCHPE,AJSTATUS,AJURRESRULE,AJFROMLOCLONG,AJSOURCETYPE,AJSCORE,CREATEDAT,UPDATEDAT,CREATEDBY,UPDATEDBY
2020-01-03 10:11:05,"SECOND",20200103,101105,,"TT","8003006625100401521004",0,,"UTO7","USHD",,2020-01-03 10:11:06,,1,"CLOSED",,,"BLE",550,2020-12-02 13:29:58,2021-01-20 00:04:29,"a1157b3e-ffa1-4a71-a8da-bceccdaf632d","3ccb9697-d5ed-43e5-ab25-f9cb7136da36"
2017-04-28 23:51:16,"SECOND",20170428,235116,,"DX","8003006625100405583",0,,"UID","UID",,2017-04-28 23:51:18,,1,"CLOSED",,,"BLE",500,2021-01-14 23:31:24,2021-01-20 00:04:29,"3ccb9697-d5ed-43e5-ab25-f9cb7136da36","3ccb9697-d5ed-43e5-ab25-f9cb7136da36"
2017-04-28 23:51:18,"SECOND",20170428,235118,,"TT","8003006625100405583",0,,"UID","UID",,2017-04-28 23:51:19,,1,"CLOSED",,,"BLE",500,2021-01-14 23:31:24,2021-01-20 00:04:29,"3ccb9697-d5ed-43e5-ab25-f9cb7136da36","3ccb9697-d5ed-43e5-ab25-f9cb7136da36"
2017-04-28 23:51:19,"SECOND",20170428,235119,,"DX","8003006625100405583",0,,"UID","UID",,2017-04-28 23:51:19,,1,"OPEN",,,"BLE",500,2021-01-14 23:31:24,2021-01-20 00:04:29,"3ccb9697-d5ed-43e5-ab25-f9cb7136da36","3ccb9697-d5ed-43e5-ab25-f9cb7136da36"
2018-06-01 11:31:05,"SECOND",20180601,113105,,"DX","8003006625100401521015",0,,"UTO7","UTO7",,2019-05-01 11:34:00,,1,"CLOSED",,,"BLE",550,2020-12-02 13:29:58,2021-01-20 00:04:29,"a1157b3e-ffa1-4a71-a8da-bceccdaf632d","3ccb9697-d5ed-43e5-ab25-f9cb7136da36"
2020-01-03 12:13:20,"SECOND",20200103,121320,,"DX","8003006625100401521001",0,,"USMY","USMY",,2020-01-06 10:15:08,,1,"DISCARD",,,"BLE",550,2020-12-02 13:18:33,2021-01-14 23:32:36,"a1157b3e-ffa1-4a71-a8da-bceccdaf632d","3ccb9697-d5ed-43e5-ab25-f9cb7136da36"
2020-01-06 09:33:22,"SECOND",20200106,93322,,"TT","8003006625100401521005",0,,"USHD","4000291413",,2020-01-06 09:33:23,,1,"DISCARD",,,"BLE",550,2020-12-02 13:29:58,2021-01-14 23:32:36,"a1157b3e-ffa1-4a71-a8da-bceccdaf632d","3ccb9697-d5ed-43e5-ab25-f9cb7136da36"
2020-01-06 09:33:23,"SECOND",20200106,93323,,"DX","8003006625100401521005",0,,"4000291413","4000291413",,2020-01-07 00:48:05,,1,"DISCARD",,,"BLE",550,2020-12-02 13:29:58,2021-01-14 23:32:36,"a1157b3e-ffa1-4a71-a8da-bceccdaf632d","3ccb9697-d5ed-43e5-ab25-f9cb7136da36"
2018-06-01 11:31:50,"SECOND",20180601,113150,,"DX","8003006625100401521013",0,,"UTO7","UTO7",,2018-06-01 11:31:51,,1,"OPEN",,,"BLE",550,2020-12-02 13:29:58,2021-01-20 00:04:29,"a1157b3e-ffa1-4a71-a8da-bceccdaf632d","3ccb9697-d5ed-43e5-ab25-f9cb7136da36"
2019-05-01 11:34:00,"SECOND",20190501,113400,,"DX","8003006625100401521015",0,,"USHD","USHD",,2019-05-01 11:34:01,,1,"CLOSED",,,"BLE",550,2020-12-02 13:29:58,2021-01-20 00:04:29,"a1157b3e-ffa1-4a71-a8da-bceccdaf632d","3ccb9697-d5ed-43e5-ab25-f9cb7136da36"
2019-05-01 11:34:01,"SECOND",20190501,113401,,"TT","8003006625100401521015",0,,"USHD","4000291413",,2019-05-01 11:34:02,,1,"CLOSED",,,"BLE",550,2020-12-02 13:29:58,2021-01-20 00:04:29,"a1157b3e-ffa1-4a71-a8da-bceccdaf632d","3ccb9697-d5ed-43e5-ab25-f9cb7136da36"
2019-05-01 11:34:02,"SECOND",20190501,113402,,"DX","8003006625100401521015",0,,"4000291413","4000291413",,2019-05-01 11:34:02,,1,"OPEN",,,"BLE",550,2020-12-02 13:29:58,2021-01-20 00:04:29,"a1157b3e-ffa1-4a71-a8da-bceccdaf632d","3ccb9697-d5ed-43e5-ab25-f9cb7136da36"
2019-12-07 04:04:10,"SECOND",20191207,40410,,"DX","80030066251004015010",0,,"UTO7","UTO7",,2019-12-07 04:04:11,,1,"OPEN",,,"BLE",550,2021-01-14 23:31:24,2021-01-20 00:04:29,"3ccb9697-d5ed-43e5-ab25-f9cb7136da36","3ccb9697-d5ed-43e5-ab25-f9cb7136da36"
2020-01-01 10:09:30,"SECOND",20200101,100930,,"DX","8003006625100401521001",0,,"UTO7","UTO7",,2020-01-06 10:15:08,,1,"CLOSED",,,"BLE",550,2020-12-02 13:18:33,2021-01-20 00:04:29,"a1157b3e-ffa1-4a71-a8da-bceccdaf632d","3ccb9697-d5ed-43e5-ab25-f9cb7136da36"
2020-01-01 10:09:32,"SECOND",20200101,100932,,"DX","8003006625100401521002",0,,"0100100384","0100100384",,2020-01-03 12:13:22,,1,"CLOSED",,,"BLE",550,2020-12-02 13:29:58,2021-01-20 00:04:29,"a1157b3e-ffa1-4a71-a8da-bceccdaf632d","3ccb9697-d5ed-43e5-ab25-f9cb7136da36"
2020-01-01 10:09:33,"SECOND",20200101,100933,,"DX","8003006625100401521003",0,,"UTO7","UTO7",,2020-01-03 10:11:03,,1,"CLOSED",,,"BLE",550,2020-12-02 13:29:58,2021-01-20 00:04:29,"a1157b3e-ffa1-4a71-a8da-bceccdaf632d","3ccb9697-d5ed-43e5-ab25-f9cb7136da36"
2020-01-01 10:09:34,"SECOND",20200101,100934,,"DX","8003006625100401521004",0,,"UTO7","UTO7",,2020-01-03 10:11:05,,1,"CLOSED",,,"BLE",550,2020-12-02 13:29:58,2021-01-20 00:04:29,"a1157b3e-ffa1-4a71-a8da-bceccdaf632d","3ccb9697-d5ed-43e5-ab25-f9cb7136da36"
2020-01-01 10:09:36,"SECOND",20200101,100936,,"DX","8003006625100401521005",0,,"UTO7","UTO7",,2020-01-03 10:11:06,,1,"CLOSED",,,"BLE",550,2020-12-02 13:29:58,2021-01-20 00:04:29,"a1157b3e-ffa1-4a71-a8da-bceccdaf632d","3ccb9697-d5ed-43e5-ab25-f9cb7136da36"
2020-01-01 10:09:37,"SECOND",20200101,100937,,"DX","8003006625100401521006",0,,"UTO7","UTO7",,2020-01-03 10:11:07,,1,"CLOSED",,,"BLE",550,2020-12-02 13:29:58,2021-01-20 00:04:29,"a1157b3e-ffa1-4a71-a8da-bceccdaf632d","3ccb9697-d5ed-43e5-ab25-f9cb7136da36"
2020-01-01 10:09:38,"SECOND",20200101,100938,,"DX","8003006625100401521007",0,,"UTO7","UTO7",,2020-01-03 10:11:09,,1,"CLOSED",,,"BLE",550,2020-12-02 13:29:58,2021-01-20 00:04:29,"a1157b3e-ffa1-4a71-a8da-bceccdaf632d","3ccb9697-d5ed-43e5-ab25-f9cb7136da36"
2020-01-01 10:09:39,"SECOND",20200101,100939,,"DX","8003006625100401521008",0,,"UTO7","UTO7",,2020-01-03 10:11:10,,1,"CLOSED",,,"BLE",550,2020-12-02 13:29:58,2021-01-20 00:04:29,"a1157b3e-ffa1-4a71-a8da-bceccdaf632d","3ccb9697-d5ed-43e5-ab25-f9cb7136da36"
2020-01-01 10:09:40,"SECOND",20200101,100940,,"DX","8003006625100401521009",0,,"UTO7","UTO7",,2020-01-03 10:11:11,,1,"CLOSED",,,"BLE",550,2020-12-02 13:29:58,2021-01-20 00:04:29,"a1157b3e-ffa1-4a71-a8da-bceccdaf632d","3ccb9697-d5ed-43e5-ab25-f9cb7136da36"
2020-01-01 10:09:41,"SECOND",20200101,100941,,"DX","8003006625100401521010",0,,"UTO7","UTO7",,2020-01-03 10:11:13,,1,"CLOSED",,,"BLE",550,2020-12-02 13:29:58,2021-01-20 00:04:29,"a1157b3e-ffa1-4a71-a8da-bceccdaf632d","3ccb9697-d5ed-43e5-ab25-f9cb7136da36"
2020-01-01 10:09:54,"SECOND",20200101,100954,,"DX","8003006625100401521011",0,,"UTO7","UTO7",,2020-01-02 10:35:20,,1,"CLOSED",,,"BLE",550,2020-12-02 13:29:58,2021-01-20 00:04:29,"a1157b3e-ffa1-4a71-a8da-bceccdaf632d","3ccb9697-d5ed-43e5-ab25-f9cb7136da36"
2020-01-01 10:09:56,"SECOND",20200101,100956,,"DX","8003006625100401521012",0,,"UTO7","UTO7",,2020-01-02 10:41:32,,1,"CLOSED",,,"BLE",550,2020-12-02 13:29:58,2021-01-20 00:04:29,"a1157b3e-ffa1-4a71-a8da-bceccdaf632d","3ccb9697-d5ed-43e5-ab25-f9cb7136da36"
2020-01-01 10:09:58,"SECOND",20200101,100958,,"DX","8003006625100401521016",0,,"UTO7","UTO7",,2020-01-02 07:27:38,,1,"CLOSED",,,"BLE",550,2020-12-02 13:29:58,2021-01-20 00:04:29,"a1157b3e-ffa1-4a71-a8da-bceccdaf632d","3ccb9697-d5ed-43e5-ab25-f9cb7136da36"
2020-01-02 07:27:38,"SECOND",20200102,72738,,"DX","8003006625100401521016",0,,"5000810117","5000810117",,2020-01-02 17:27:38,,1,"CLOSED",,,"BLE",550,2020-12-02 13:29:58,2021-01-20 00:04:29,"a1157b3e-ffa1-4a71-a8da-bceccdaf632d","3ccb9697-d5ed-43e5-ab25-f9cb7136da36"
2020-01-02 10:35:20,"SECOND",20200102,103520,,"TT","8003006625100401521011",0,,"UTO7","UID",,2020-01-02 10:35:21,,1,"CLOSED",,,"BLE",550,2020-12-02 13:29:58,2021-01-20 00:04:29,"a1157b3e-ffa1-4a71-a8da-bceccdaf632d","3ccb9697-d5ed-43e5-ab25-f9cb7136da36"
2020-01-02 10:35:21,"SECOND",20200102,103521,,"DX","8003006625100401521011",0,,"UID","UID",,2020-01-02 10:35:21,,1,"OPEN",,,"BLE",500,2020-12-02 13:29:58,2021-01-20 00:04:29,"a1157b3e-ffa1-4a71-a8da-bceccdaf632d","3ccb9697-d5ed-43e5-ab25-f9cb7136da36"
2020-01-02 10:41:32,"SECOND",20200102,104132,,"DX","8003006625100401521012",0,,"USMY","USMY",,2020-01-02 10:41:32,,1,"OPEN",,,"BLE",550,2020-12-02 13:29:58,2021-01-20 00:04:29,"a1157b3e-ffa1-4a71-a8da-bceccdaf632d","3ccb9697-d5ed-43e5-ab25-f9cb7136da36"
2020-01-02 17:27:38,"SECOND",20200102,172738,,"DX","8003006625100401521016",0,,"UID","UID",,2020-01-02 17:27:39,,1,"CLOSED",,,"BLE",500,2020-12-02 13:29:58,2021-01-20 00:04:29,"a1157b3e-ffa1-4a71-a8da-bceccdaf632d","3ccb9697-d5ed-43e5-ab25-f9cb7136da36"
2020-01-02 17:27:39,"SECOND",20200102,172739,,"TT","8003006625100401521016",0,,"UID","6101006921",,2020-01-02 17:27:40,,1,"CLOSED",,,"BLE",500,2020-12-02 13:29:58,2021-01-20 00:04:29,"a1157b3e-ffa1-4a71-a8da-bceccdaf632d","3ccb9697-d5ed-43e5-ab25-f9cb7136da36"
2020-01-02 17:27:40,"SECOND",20200102,172740,,"DX","8003006625100401521016",0,,"6101006921","6101006921",,2020-01-02 17:27:40,,1,"OPEN",,,"BLE",550,2020-12-02 13:29:58,2021-01-20 00:04:29,"a1157b3e-ffa1-4a71-a8da-bceccdaf632d","3ccb9697-d5ed-43e5-ab25-f9cb7136da36"
2020-01-03 10:11:03,"SECOND",20200103,101103,,"TT","8003006625100401521003",0,,"UTO7","USHD",,2020-01-03 10:11:04,,1,"CLOSED",,,"BLE",550,2020-12-02 13:29:58,2021-01-20 00:04:29,"a1157b3e-ffa1-4a71-a8da-bceccdaf632d","3ccb9697-d5ed-43e5-ab25-f9cb7136da36"
2020-01-03 10:11:04,"SECOND",20200103,101104,,"DX","8003006625100401521003",0,,"USHD","USHD",,2020-01-06 10:15:12,,1,"CLOSED",,,"BLE",5500,2020-12-02 13:29:58,2021-01-20 00:04:29,"a1157b3e-ffa1-4a71-a8da-bceccdaf632d","3ccb9697-d5ed-43e5-ab25-f9cb7136da36"
2020-01-03 10:11:06,"SECOND",20200103,101106,,"DX","8003006625100401521004",0,,"USHD","USHD",,2020-01-06 10:15:13,,1,"CLOSED",,,"BLE",5500,2020-12-02 13:29:58,2021-01-20 00:04:29,"a1157b3e-ffa1-4a71-a8da-bceccdaf632d","3ccb9697-d5ed-43e5-ab25-f9cb7136da36"
2020-01-03 10:11:06,"SECOND",20200103,101106,,"TT","8003006625100401521005",0,,"UTO7","USHD",,2020-01-03 10:11:07,,1,"CLOSED",,,"BLE",550,2020-12-02 13:29:58,2021-01-20 00:04:29,"a1157b3e-ffa1-4a71-a8da-bceccdaf632d","3ccb9697-d5ed-43e5-ab25-f9cb7136da36"
2020-01-03 10:11:07,"SECOND",20200103,101107,,"DX","8003006625100401521005",0,,"USHD","USHD",,2020-01-07 00:48:05,,1,"CLOSED",,,"BLE",550,2020-12-02 13:29:58,2021-01-20 00:04:29,"a1157b3e-ffa1-4a71-a8da-bceccdaf632d","3ccb9697-d5ed-43e5-ab25-f9cb7136da36"
2020-01-03 10:11:07,"SECOND",20200103,101107,,"TT","8003006625100401521006",0,,"UTO7","USHD",,2020-01-03 10:11:08,,1,"CLOSED",,,"BLE",550,2020-12-02 13:29:58,2021-01-20 00:04:29,"a1157b3e-ffa1-4a71-a8da-bceccdaf632d","3ccb9697-d5ed-43e5-ab25-f9cb7136da36"
2020-01-03 10:11:08,"SECOND",20200103,101108,,"DX","8003006625100401521006",0,,"USHD","USHD",,2020-01-06 10:15:16,,1,"CLOSED",,,"BLE",5500,2020-12-02 13:29:58,2021-01-20 00:04:29,"a1157b3e-ffa1-4a71-a8da-bceccdaf632d","3ccb9697-d5ed-43e5-ab25-f9cb7136da36"
2020-01-03 10:11:09,"SECOND",20200103,101109,,"TT","8003006625100401521007",0,,"UTO7","USHD",,2020-01-03 10:11:10,,1,"CLOSED",,,"BLE",550,2020-12-02 13:29:58,2021-01-20 00:04:29,"a1157b3e-ffa1-4a71-a8da-bceccdaf632d","3ccb9697-d5ed-43e5-ab25-f9cb7136da36"
2020-01-03 10:11:10,"SECOND",20200103,101110,,"TT","8003006625100401521008",0,,"UTO7","USHD",,2020-01-03 10:11:11,,1,"CLOSED",,,"BLE",550,2020-12-02 13:29:58,2021-01-20 00:04:29,"a1157b3e-ffa1-4a71-a8da-bceccdaf632d","3ccb9697-d5ed-43e5-ab25-f9cb7136da36"
2020-01-03 10:11:10,"SECOND",20200103,101110,,"DX","8003006625100401521007",0,,"USHD","USHD",,2020-01-06 10:15:18,,1,"CLOSED",,,"BLE",5500,2020-12-02 13:29:58,2021-01-20 00:04:29,"a1157b3e-ffa1-4a71-a8da-bceccdaf632d","3ccb9697-d5ed-43e5-ab25-f9cb7136da36"
2020-01-03 10:11:11,"SECOND",20200103,101111,,"DX","8003006625100401521008",0,,"USHD","USHD",,2020-01-06 10:15:19,,1,"CLOSED",,,"BLE",5500,2020-12-02 13:29:58,2021-01-20 00:04:29,"a1157b3e-ffa1-4a71-a8da-bceccdaf632d","3ccb9697-d5ed-43e5-ab25-f9cb7136da36"
2020-01-03 10:11:11,"SECOND",20200103,101111,,"TT","8003006625100401521009",0,,"UTO7","USHD",,2020-01-03 10:11:12,,1,"CLOSED",,,"BLE",550,2020-12-02 13:29:58,2021-01-20 00:04:29,"a1157b3e-ffa1-4a71-a8da-bceccdaf632d","3ccb9697-d5ed-43e5-ab25-f9cb7136da36"
2020-01-03 10:11:12,"SECOND",20200103,101112,,"DX","8003006625100401521009",0,,"USHD","USHD",,2020-01-08 00:48:05,,1,"CLOSED",,,"BLE",550,2020-12-02 13:29:58,2021-01-20 00:04:29,"a1157b3e-ffa1-4a71-a8da-bceccdaf632d","3ccb9697-d5ed-43e5-ab25-f9cb7136da36"
2020-01-03 10:11:13,"SECOND",20200103,101113,,"TT","8003006625100401521010",0,,"UTO7","USHD",,2020-01-03 10:11:14,,1,"CLOSED",,,"BLE",550,2020-12-02 13:29:58,2021-01-20 00:04:29,"a1157b3e-ffa1-4a71-a8da-bceccdaf632d","3ccb9697-d5ed-43e5-ab25-f9cb7136da36"
2020-01-03 10:11:14,"SECOND",20200103,101114,,"DX","8003006625100401521010",0,,"USHD","USHD",,2020-01-08 00:48:05,,1,"CLOSED",,,"BLE",550,2020-12-02 13:29:58,2021-01-20 00:04:29,"a1157b3e-ffa1-4a71-a8da-bceccdaf632d","3ccb9697-d5ed-43e5-ab25-f9cb7136da36"
2020-01-03 12:13:22,"SECOND",20200103,121322,,"DX","8003006625100401521002",0,,"USHD","USHD",,2020-01-06 10:15:11,,1,"CLOSED",,,"BLE",550,2020-12-02 13:29:58,2021-01-20 00:04:29,"a1157b3e-ffa1-4a71-a8da-bceccdaf632d","3ccb9697-d5ed-43e5-ab25-f9cb7136da36"
2020-01-06 10:15:08,"SECOND",20200106,101508,,"DX","8003006625100401521001",0,,"USHD","USHD",,2020-01-06 10:15:09,,1,"CLOSED",,,"BLE",550,2020-12-02 13:18:33,2021-01-20 00:04:29,"a1157b3e-ffa1-4a71-a8da-bceccdaf632d","3ccb9697-d5ed-43e5-ab25-f9cb7136da36"
2020-01-06 10:15:09,"SECOND",20200106,101509,,"TT","8003006625100401521001",0,,"USHD","4000291413",,2020-01-06 10:15:10,,1,"CLOSED",,,"BLE",550,2020-12-02 13:18:33,2021-01-20 00:04:29,"a1157b3e-ffa1-4a71-a8da-bceccdaf632d","3ccb9697-d5ed-43e5-ab25-f9cb7136da36"
2020-01-06 10:15:10,"SECOND",20200106,101510,,"DX","8003006625100401521001",0,,"4000291413","4000291413",,2020-01-07 00:48:05,,1,"CLOSED",,,"BLE",550,2020-12-02 13:18:33,2021-01-20 00:04:29,"a1157b3e-ffa1-4a71-a8da-bceccdaf632d","3ccb9697-d5ed-43e5-ab25-f9cb7136da36"
2020-01-06 10:15:11,"SECOND",20200106,101511,,"TT","8003006625100401521002",0,,"USHD","UID",,2020-01-06 10:15:12,,1,"CLOSED",,,"BLE",550,2020-12-02 13:29:58,2021-01-20 00:04:29,"a1157b3e-ffa1-4a71-a8da-bceccdaf632d","3ccb9697-d5ed-43e5-ab25-f9cb7136da36"
2020-01-06 10:15:12,"SECOND",20200106,101512,,"TT","8003006625100401521003",0,,"USHD","4000291413",,2020-01-06 10:15:13,,1,"CLOSED",,,"BLE",550,2020-12-02 13:29:58,2021-01-20 00:04:29,"a1157b3e-ffa1-4a71-a8da-bceccdaf632d","3ccb9697-d5ed-43e5-ab25-f9cb7136da36"
2020-01-06 10:15:13,"SECOND",20200106,101513,,"DX","8003006625100401521003",0,,"4000291413","4000291413",,2020-01-09 00:48:05,,1,"CLOSED",,,"BLE",550,2020-12-02 13:29:58,2021-01-20 00:04:29,"a1157b3e-ffa1-4a71-a8da-bceccdaf632d","3ccb9697-d5ed-43e5-ab25-f9cb7136da36"
2020-01-06 10:15:12,"SECOND",20200106,101512,,"DX","8003006625100401521002",0,,"UID","UID",,2020-01-07 00:48:05,,1,"CLOSED",,,"BLE",500,2020-12-02 13:29:58,2021-01-20 00:04:29,"a1157b3e-ffa1-4a71-a8da-bceccdaf632d","3ccb9697-d5ed-43e5-ab25-f9cb7136da36"
2020-01-16 10:18:46,"SECOND",20200116,101846,,"DX","8003006625100401521009",0,,"USHD","USHD",,2020-01-24 10:25:58,,1,"OPEN",,,"BLE",5500,2020-12-02 13:29:58,2021-01-20 00:04:29,"a1157b3e-ffa1-4a71-a8da-bceccdaf632d","3ccb9697-d5ed-43e5-ab25-f9cb7136da36"
2020-01-06 10:15:13,"SECOND",20200106,101513,,"TT","8003006625100401521004",0,,"USHD","4000291413",,2020-01-06 10:15:14,,1,"CLOSED",,,"BLE",550,2020-12-02 13:29:58,2021-01-20 00:04:29,"a1157b3e-ffa1-4a71-a8da-bceccdaf632d","3ccb9697-d5ed-43e5-ab25-f9cb7136da36"
2020-01-06 10:15:14,"SECOND",20200106,101514,,"DX","8003006625100401521004",0,,"4000291413","4000291413",,2020-01-07 00:48:05,,1,"CLOSED",,,"BLE",550,2020-12-02 13:29:58,2021-01-20 00:04:29,"a1157b3e-ffa1-4a71-a8da-bceccdaf632d","3ccb9697-d5ed-43e5-ab25-f9cb7136da36"
2020-01-06 10:15:16,"SECOND",20200106,101516,,"TT","8003006625100401521006",0,,"USHD","4000291413",,2020-01-06 10:15:17,,1,"CLOSED",,,"BLE",550,2020-12-02 13:29:58,2021-01-20 00:04:29,"a1157b3e-ffa1-4a71-a8da-bceccdaf632d","3ccb9697-d5ed-43e5-ab25-f9cb7136da36"
2020-01-06 10:15:17,"SECOND",20200106,101517,,"DX","8003006625100401521006",0,,"4000291413","4000291413",,2020-01-08 00:48:05,,1,"CLOSED",,,"BLE",550,2020-12-02 13:29:58,2021-01-20 00:04:29,"a1157b3e-ffa1-4a71-a8da-bceccdaf632d","3ccb9697-d5ed-43e5-ab25-f9cb7136da36"
2020-01-06 10:15:18,"SECOND",20200106,101518,,"TT","8003006625100401521007",0,,"USHD","4000291413",,2020-01-06 10:15:19,,1,"CLOSED",,,"BLE",550,2020-12-02 13:29:58,2021-01-20 00:04:29,"a1157b3e-ffa1-4a71-a8da-bceccdaf632d","3ccb9697-d5ed-43e5-ab25-f9cb7136da36"
2020-01-06 10:15:19,"SECOND",20200106,101519,,"TT","8003006625100401521008",0,,"USHD","4000291413",,2020-01-06 10:15:20,,1,"CLOSED",,,"BLE",550,2020-12-02 13:29:58,2021-01-20 00:04:29,"a1157b3e-ffa1-4a71-a8da-bceccdaf632d","3ccb9697-d5ed-43e5-ab25-f9cb7136da36"
2020-01-06 10:15:19,"SECOND",20200106,101519,,"DX","8003006625100401521007",0,,"4000291413","4000291413",,2020-01-08 00:48:05,,1,"CLOSED",,,"BLE",550,2020-12-02 13:29:58,2021-01-20 00:04:29,"a1157b3e-ffa1-4a71-a8da-bceccdaf632d","3ccb9697-d5ed-43e5-ab25-f9cb7136da36"
2020-01-06 10:15:20,"SECOND",20200106,101520,,"DX","8003006625100401521008",0,,"4000291413","4000291413",,2020-01-08 00:48:05,,1,"CLOSED",,,"BLE",550,2020-12-02 13:29:58,2021-01-20 00:04:29,"a1157b3e-ffa1-4a71-a8da-bceccdaf632d","3ccb9697-d5ed-43e5-ab25-f9cb7136da36"
2020-01-07 00:48:05,"SECOND",20200107,4805,,"DX","8003006625100401521004",0,,"5000810117","5000810117",,2020-01-09 00:48:04,,1,"CLOSED",,,"BLE",5500,2020-12-02 13:29:58,2021-01-20 00:04:29,"a1157b3e-ffa1-4a71-a8da-bceccdaf632d","3ccb9697-d5ed-43e5-ab25-f9cb7136da36"
2020-01-07 00:48:05,"SECOND",20200107,4805,,"DX","8003006625100401521002",0,,"5000810117","5000810117",,2020-01-09 00:48:06,,1,"CLOSED",,,"BLE",5500,2020-12-02 13:29:58,2021-01-20 00:04:29,"a1157b3e-ffa1-4a71-a8da-bceccdaf632d","3ccb9697-d5ed-43e5-ab25-f9cb7136da36"
2020-01-07 00:48:05,"SECOND",20200107,4805,,"DX","8003006625100401521005",0,,"5000810117","5000810117",,2020-01-09 00:48:05,,1,"CLOSED",,,"BLE",5500,2020-12-02 13:29:58,2021-01-20 00:04:29,"a1157b3e-ffa1-4a71-a8da-bceccdaf632d","3ccb9697-d5ed-43e5-ab25-f9cb7136da36"
2020-01-07 00:48:05,"SECOND",20200107,4805,,"DX","8003006625100401521001",0,,"5000810117","5000810117",,2020-01-09 00:48:06,,1,"CLOSED",,,"BLE",5500,2020-12-02 13:18:33,2021-01-20 00:04:29,"a1157b3e-ffa1-4a71-a8da-bceccdaf632d","3ccb9697-d5ed-43e5-ab25-f9cb7136da36"
2020-01-08 00:48:05,"SECOND",20200108,4805,,"DX","8003006625100401521010",0,,"5000810117","5000810117",,2020-01-09 00:48:06,,1,"CLOSED",,,"BLE",5500,2020-12-02 13:29:58,2021-01-20 00:04:29,"a1157b3e-ffa1-4a71-a8da-bceccdaf632d","3ccb9697-d5ed-43e5-ab25-f9cb7136da36"
2020-01-08 00:48:05,"SECOND",20200108,4805,,"DX","8003006625100401521006",0,,"5000810117","5000810117",,2020-01-09 00:48:06,,1,"CLOSED",,,"BLE",5500,2020-12-02 13:29:58,2021-01-20 00:04:29,"a1157b3e-ffa1-4a71-a8da-bceccdaf632d","3ccb9697-d5ed-43e5-ab25-f9cb7136da36"
2020-01-08 00:48:05,"SECOND",20200108,4805,,"DX","8003006625100401521008",0,,"5000810117","5000810117",,2020-01-09 00:48:06,,1,"CLOSED",,,"BLE",5500,2020-12-02 13:29:58,2021-01-20 00:04:29,"a1157b3e-ffa1-4a71-a8da-bceccdaf632d","3ccb9697-d5ed-43e5-ab25-f9cb7136da36"
2020-01-08 00:48:05,"SECOND",20200108,4805,,"DX","8003006625100401521007",0,,"5000810117","5000810117",,2020-01-09 00:48:06,,1,"CLOSED",,,"BLE",5500,2020-12-02 13:29:58,2021-01-20 00:04:29,"a1157b3e-ffa1-4a71-a8da-bceccdaf632d","3ccb9697-d5ed-43e5-ab25-f9cb7136da36"
2020-01-08 00:48:05,"SECOND",20200108,4805,,"DX","8003006625100401521009",0,,"5000810117","5000810117",,2020-01-09 00:48:06,,1,"CLOSED",,,"BLE",5500,2020-12-02 13:29:58,2021-01-20 00:04:29,"a1157b3e-ffa1-4a71-a8da-bceccdaf632d","3ccb9697-d5ed-43e5-ab25-f9cb7136da36"
2020-01-09 00:48:04,"SECOND",20200109,4804,,"TT","8003006625100401521004",0,,"5000810117","6101006921",,2020-01-09 00:48:05,,1,"CLOSED",,,"BLE",550,2020-12-02 13:29:58,2021-01-20 00:04:29,"a1157b3e-ffa1-4a71-a8da-bceccdaf632d","3ccb9697-d5ed-43e5-ab25-f9cb7136da36"
2020-01-09 00:48:05,"SECOND",20200109,4805,,"DX","8003006625100401521003",0,,"5000810117","5000810117",,2020-01-09 00:48:06,,1,"CLOSED",,,"BLE",550,2020-12-02 13:29:58,2021-01-20 00:04:29,"a1157b3e-ffa1-4a71-a8da-bceccdaf632d","3ccb9697-d5ed-43e5-ab25-f9cb7136da36"
2020-01-09 00:48:05,"SECOND",20200109,4805,,"DX","8003006625100401521004",0,,"6101006921","6101006921",,2020-01-15 10:16:52,,1,"CLOSED",,,"BLE",550,2020-12-02 13:29:58,2021-01-20 00:04:29,"a1157b3e-ffa1-4a71-a8da-bceccdaf632d","3ccb9697-d5ed-43e5-ab25-f9cb7136da36"
2020-01-09 00:48:05,"SECOND",20200109,4805,,"TT","8003006625100401521005",0,,"5000810117","6101006921",,2020-01-09 00:48:06,,1,"CLOSED",,,"BLE",550,2020-12-02 13:29:58,2021-01-20 00:04:29,"a1157b3e-ffa1-4a71-a8da-bceccdaf632d","3ccb9697-d5ed-43e5-ab25-f9cb7136da36"
2020-01-09 00:48:06,"SECOND",20200109,4806,,"TT","8003006625100401521003",0,,"5000810117","6101006921",,2020-01-09 00:48:07,,1,"CLOSED",,,"BLE",550,2020-12-02 13:29:58,2021-01-20 00:04:29,"a1157b3e-ffa1-4a71-a8da-bceccdaf632d","3ccb9697-d5ed-43e5-ab25-f9cb7136da36"
2020-01-09 00:48:06,"SECOND",20200109,4806,,"TT","8003006625100401521010",0,,"5000810117","6101006921",,2020-01-09 00:48:07,,1,"CLOSED",,,"BLE",550,2020-12-02 13:29:58,2021-01-20 00:04:29,"a1157b3e-ffa1-4a71-a8da-bceccdaf632d","3ccb9697-d5ed-43e5-ab25-f9cb7136da36"
2020-01-09 00:48:06,"SECOND",20200109,4806,,"TT","8003006625100401521002",0,,"5000810117","6101006921",,2020-01-09 00:48:07,,1,"CLOSED",,,"BLE",550,2020-12-02 13:29:58,2021-01-20 00:04:29,"a1157b3e-ffa1-4a71-a8da-bceccdaf632d","3ccb9697-d5ed-43e5-ab25-f9cb7136da36"
2020-01-09 00:48:06,"SECOND",20200109,4806,,"DX","8003006625100401521005",0,,"6101006921","6101006921",,2020-01-15 10:16:54,,1,"CLOSED",,,"BLE",550,2020-12-02 13:29:58,2021-01-20 00:04:29,"a1157b3e-ffa1-4a71-a8da-bceccdaf632d","3ccb9697-d5ed-43e5-ab25-f9cb7136da36"
2020-01-09 00:48:06,"SECOND",20200109,4806,,"TT","8003006625100401521001",0,,"5000810117","6101006921",,2020-01-09 00:48:07,,1,"CLOSED",,,"BLE",550,2020-12-02 13:18:33,2021-01-20 00:04:29,"a1157b3e-ffa1-4a71-a8da-bceccdaf632d","3ccb9697-d5ed-43e5-ab25-f9cb7136da36"
2020-01-09 00:48:06,"SECOND",20200109,4806,,"TT","8003006625100401521006",0,,"5000810117","6101006921",,2020-01-09 00:48:07,,1,"CLOSED",,,"BLE",550,2020-12-02 13:29:58,2021-01-20 00:04:29,"a1157b3e-ffa1-4a71-a8da-bceccdaf632d","3ccb9697-d5ed-43e5-ab25-f9cb7136da36"
2020-01-09 00:48:06,"SECOND",20200109,4806,,"TT","8003006625100401521007",0,,"5000810117","6101006921",,2020-01-09 00:48:07,,1,"CLOSED",,,"BLE",550,2020-12-02 13:29:58,2021-01-20 00:04:29,"a1157b3e-ffa1-4a71-a8da-bceccdaf632d","3ccb9697-d5ed-43e5-ab25-f9cb7136da36"
2020-01-09 00:48:06,"SECOND",20200109,4806,,"TT","8003006625100401521008",0,,"5000810117","6101006921",,2020-01-09 00:48:07,,1,"CLOSED",,,"BLE",550,2020-12-02 13:29:58,2021-01-20 00:04:29,"a1157b3e-ffa1-4a71-a8da-bceccdaf632d","3ccb9697-d5ed-43e5-ab25-f9cb7136da36"
2020-01-09 00:48:06,"SECOND",20200109,4806,,"TT","8003006625100401521009",0,,"5000810117","6101006921",,2020-01-09 00:48:07,,1,"CLOSED",,,"BLE",550,2020-12-02 13:29:58,2021-01-20 00:04:29,"a1157b3e-ffa1-4a71-a8da-bceccdaf632d","3ccb9697-d5ed-43e5-ab25-f9cb7136da36"
2020-01-09 00:48:07,"SECOND",20200109,4807,,"DX","8003006625100401521003",0,,"6101006921","6101006921",,2020-01-15 10:16:51,,1,"CLOSED",,,"BLE",550,2020-12-02 13:29:58,2021-01-20 00:04:29,"a1157b3e-ffa1-4a71-a8da-bceccdaf632d","3ccb9697-d5ed-43e5-ab25-f9cb7136da36"
2020-01-09 00:48:07,"SECOND",20200109,4807,,"DX","8003006625100401521010",0,,"6101006921","6101006921",,2020-01-15 10:16:59,,1,"CLOSED",,,"BLE",550,2020-12-02 13:29:58,2021-01-20 00:04:29,"a1157b3e-ffa1-4a71-a8da-bceccdaf632d","3ccb9697-d5ed-43e5-ab25-f9cb7136da36"
2020-01-09 00:48:07,"SECOND",20200109,4807,,"DX","8003006625100401521002",0,,"6101006921","6101006921",,2020-01-15 10:16:50,,1,"CLOSED",,,"BLE",550,2020-12-02 13:29:58,2021-01-20 00:04:29,"a1157b3e-ffa1-4a71-a8da-bceccdaf632d","3ccb9697-d5ed-43e5-ab25-f9cb7136da36"
2020-01-09 00:48:07,"SECOND",20200109,4807,,"DX","8003006625100401521006",0,,"6101006921","6101006921",,2020-01-15 10:16:55,,1,"CLOSED",,,"BLE",550,2020-12-02 13:29:58,2021-01-20 00:04:29,"a1157b3e-ffa1-4a71-a8da-bceccdaf632d","3ccb9697-d5ed-43e5-ab25-f9cb7136da36"
2020-01-09 00:48:07,"SECOND",20200109,4807,,"DX","8003006625100401521001",0,,"6101006921","6101006921",,2020-01-15 10:16:48,,1,"CLOSED",,,"BLE",550,2020-12-02 13:18:33,2021-01-20 00:04:29,"a1157b3e-ffa1-4a71-a8da-bceccdaf632d","3ccb9697-d5ed-43e5-ab25-f9cb7136da36"
2020-01-09 00:48:07,"SECOND",20200109,4807,,"DX","8003006625100401521007",0,,"6101006921","6101006921",,2020-01-15 10:16:56,,1,"CLOSED",,,"BLE",550,2020-12-02 13:29:58,2021-01-20 00:04:29,"a1157b3e-ffa1-4a71-a8da-bceccdaf632d","3ccb9697-d5ed-43e5-ab25-f9cb7136da36"
2020-01-09 00:48:07,"SECOND",20200109,4807,,"DX","8003006625100401521008",0,,"6101006921","6101006921",,2020-01-15 10:16:57,,1,"CLOSED",,,"BLE",550,2020-12-02 13:29:58,2021-01-20 00:04:29,"a1157b3e-ffa1-4a71-a8da-bceccdaf632d","3ccb9697-d5ed-43e5-ab25-f9cb7136da36"
2020-01-09 00:48:07,"SECOND",20200109,4807,,"DX","8003006625100401521009",0,,"6101006921","6101006921",,2020-01-15 10:16:58,,1,"CLOSED",,,"BLE",550,2020-12-02 13:29:58,2021-01-20 00:04:29,"a1157b3e-ffa1-4a71-a8da-bceccdaf632d","3ccb9697-d5ed-43e5-ab25-f9cb7136da36"
2020-01-15 10:16:48,"SECOND",20200115,101648,,"DX","8003006625100401521001",0,,"USMY","USMY",,2020-01-16 10:17:47,,1,"CLOSED",,,"BLE",550,2020-12-02 13:18:33,2021-01-20 00:04:29,"a1157b3e-ffa1-4a71-a8da-bceccdaf632d","3ccb9697-d5ed-43e5-ab25-f9cb7136da36"
2020-01-15 10:16:50,"SECOND",20200115,101650,,"DX","8003006625100401521002",0,,"USVU","USVU",,2020-01-16 10:17:49,,1,"CLOSED",,,"BLE",5500,2020-12-02 13:29:58,2021-01-20 00:04:29,"a1157b3e-ffa1-4a71-a8da-bceccdaf632d","3ccb9697-d5ed-43e5-ab25-f9cb7136da36"
2020-01-15 10:16:51,"SECOND",20200115,101651,,"DX","8003006625100401521003",0,,"USVU","USVU",,2020-01-16 10:17:50,,1,"CLOSED",,,"BLE",5500,2020-12-02 13:29:58,2021-01-20 00:04:29,"a1157b3e-ffa1-4a71-a8da-bceccdaf632d","3ccb9697-d5ed-43e5-ab25-f9cb7136da36"
2020-01-15 10:16:52,"SECOND",20200115,101652,,"DX","8003006625100401521004",0,,"USVU","USVU",,2020-01-16 10:17:51,,1,"CLOSED",,,"BLE",5500,2020-12-02 13:29:58,2021-01-20 00:04:29,"a1157b3e-ffa1-4a71-a8da-bceccdaf632d","3ccb9697-d5ed-43e5-ab25-f9cb7136da36"
2020-01-15 10:16:54,"SECOND",20200115,101654,,"DX","8003006625100401521005",0,,"USVU","USVU",,2020-01-16 10:17:53,,1,"CLOSED",,,"BLE",5500,2020-12-02 13:29:58,2021-01-20 00:04:29,"a1157b3e-ffa1-4a71-a8da-bceccdaf632d","3ccb9697-d5ed-43e5-ab25-f9cb7136da36"
2020-01-15 10:16:55,"SECOND",20200115,101655,,"DX","8003006625100401521006",0,,"USVU","USVU",,2020-01-16 10:18:41,,1,"CLOSED",,,"BLE",5500,2020-12-02 13:29:58,2021-01-20 00:04:29,"a1157b3e-ffa1-4a71-a8da-bceccdaf632d","3ccb9697-d5ed-43e5-ab25-f9cb7136da36"
2020-01-15 10:16:56,"SECOND",20200115,101656,,"DX","8003006625100401521007",0,,"USVU","USVU",,2020-01-16 10:18:42,,1,"CLOSED",,,"BLE",5500,2020-12-02 13:29:58,2021-01-20 00:04:29,"a1157b3e-ffa1-4a71-a8da-bceccdaf632d","3ccb9697-d5ed-43e5-ab25-f9cb7136da36"
2020-01-15 10:16:57,"SECOND",20200115,101657,,"DX","8003006625100401521008",0,,"USVU","USVU",,2020-01-16 10:18:44,,1,"CLOSED",,,"BLE",5500,2020-12-02 13:29:58,2021-01-20 00:04:29,"a1157b3e-ffa1-4a71-a8da-bceccdaf632d","3ccb9697-d5ed-43e5-ab25-f9cb7136da36"
2020-01-15 10:16:58,"SECOND",20200115,101658,,"DX","8003006625100401521009",0,,"USVU","USVU",,2020-01-16 10:18:45,,1,"CLOSED",,,"BLE",5500,2020-12-02 13:29:58,2021-01-20 00:04:29,"a1157b3e-ffa1-4a71-a8da-bceccdaf632d","3ccb9697-d5ed-43e5-ab25-f9cb7136da36"
2020-01-15 10:16:59,"SECOND",20200115,101659,,"DX","8003006625100401521010",0,,"USVU","USVU",,2020-01-16 10:18:47,,1,"CLOSED",,,"BLE",5500,2020-12-02 13:29:58,2021-01-20 00:04:29,"a1157b3e-ffa1-4a71-a8da-bceccdaf632d","3ccb9697-d5ed-43e5-ab25-f9cb7136da36"
2020-01-16 10:17:47,"SECOND",20200116,101747,,"DX","8003006625100401521001",0,,"USVU","USVU",,2020-01-16 10:17:48,,1,"CLOSED",,,"BLE",5500,2020-12-02 13:18:33,2021-01-20 00:04:29,"a1157b3e-ffa1-4a71-a8da-bceccdaf632d","3ccb9697-d5ed-43e5-ab25-f9cb7136da36"
2020-01-16 10:17:48,"SECOND",20200116,101748,,"TT","8003006625100401521001",0,,"USVU","4000291413",,2020-01-16 10:17:49,,1,"CLOSED",,,"BLE",550,2020-12-02 13:18:33,2021-01-20 00:04:29,"a1157b3e-ffa1-4a71-a8da-bceccdaf632d","3ccb9697-d5ed-43e5-ab25-f9cb7136da36"
2020-01-16 10:17:49,"SECOND",20200116,101749,,"TT","8003006625100401521002",0,,"USVU","USHD",,2020-01-16 10:17:50,,1,"CLOSED",,,"BLE",550,2020-12-02 13:29:58,2021-01-20 00:04:29,"a1157b3e-ffa1-4a71-a8da-bceccdaf632d","3ccb9697-d5ed-43e5-ab25-f9cb7136da36"
2020-09-09 14:32:58,"SECOND",20200909,143258,,"TT","8003006625100401148",0,,"5000810117","UID",,2020-09-09 14:32:59,,1,"CLOSED",,,"BLE",550,2021-01-14 23:31:24,2021-01-20 00:04:29,"3ccb9697-d5ed-43e5-ab25-f9cb7136da36","3ccb9697-d5ed-43e5-ab25-f9cb7136da36"
2020-01-16 10:17:49,"SECOND",20200116,101749,,"DX","8003006625100401521001",0,,"4000291413","4000291413",,2020-02-11 10:28:09,,1,"CLOSED",,,"BLE",550,2020-12-02 13:18:33,2021-01-20 00:04:29,"a1157b3e-ffa1-4a71-a8da-bceccdaf632d","3ccb9697-d5ed-43e5-ab25-f9cb7136da36"
2020-01-16 10:17:50,"SECOND",20200116,101750,,"TT","8003006625100401521003",0,,"USVU","4000291413",,2020-01-16 10:17:51,,1,"CLOSED",,,"BLE",550,2020-12-02 13:29:58,2021-01-20 00:04:29,"a1157b3e-ffa1-4a71-a8da-bceccdaf632d","3ccb9697-d5ed-43e5-ab25-f9cb7136da36"
2020-01-16 10:17:50,"SECOND",20200116,101750,,"DX","8003006625100401521002",0,,"USHD","USHD",,2020-05-01 10:27:30,,1,"CLOSED",,,"BLE",550,2020-12-02 13:29:58,2021-01-20 00:04:29,"a1157b3e-ffa1-4a71-a8da-bceccdaf632d","3ccb9697-d5ed-43e5-ab25-f9cb7136da36"
2020-01-16 10:17:51,"SECOND",20200116,101751,,"DX","8003006625100401521003",0,,"4000291413","4000291413",,2020-05-01 10:27:30,,1,"CLOSED",,,"BLE",550,2020-12-02 13:29:58,2021-01-20 00:04:29,"a1157b3e-ffa1-4a71-a8da-bceccdaf632d","3ccb9697-d5ed-43e5-ab25-f9cb7136da36"
2020-01-16 10:17:51,"SECOND",20200116,101751,,"TT","8003006625100401521004",0,,"USVU","4000291413",,2020-01-16 10:17:52,,1,"CLOSED",,,"BLE",550,2020-12-02 13:29:58,2021-01-20 00:04:29,"a1157b3e-ffa1-4a71-a8da-bceccdaf632d","3ccb9697-d5ed-43e5-ab25-f9cb7136da36"
2020-01-16 10:17:52,"SECOND",20200116,101752,,"DX","8003006625100401521004",0,,"4000291413","4000291413",,2020-03-10 10:28:35,,1,"CLOSED",,,"BLE",550,2020-12-02 13:29:58,2021-01-20 00:04:29,"a1157b3e-ffa1-4a71-a8da-bceccdaf632d","3ccb9697-d5ed-43e5-ab25-f9cb7136da36"
2020-01-16 10:17:53,"SECOND",20200116,101753,,"TT","8003006625100401521005",0,,"USVU","4000291413",,2020-01-16 10:17:54,,1,"CLOSED",,,"BLE",550,2020-12-02 13:29:58,2021-01-20 00:04:29,"a1157b3e-ffa1-4a71-a8da-bceccdaf632d","3ccb9697-d5ed-43e5-ab25-f9cb7136da36"
2020-01-16 10:17:54,"SECOND",20200116,101754,,"DX","8003006625100401521005",0,,"4000291413","4000291413",,2020-04-10 10:28:56,,1,"CLOSED",,,"BLE",550,2020-12-02 13:29:58,2021-01-20 00:04:29,"a1157b3e-ffa1-4a71-a8da-bceccdaf632d","3ccb9697-d5ed-43e5-ab25-f9cb7136da36"
2020-01-16 10:18:41,"SECOND",20200116,101841,,"TT","8003006625100401521006",0,,"USVU","USHD",,2020-01-16 10:18:42,,1,"CLOSED",,,"BLE",550,2020-12-02 13:29:58,2021-01-20 00:04:29,"a1157b3e-ffa1-4a71-a8da-bceccdaf632d","3ccb9697-d5ed-43e5-ab25-f9cb7136da36"
2020-01-16 10:18:42,"SECOND",20200116,101842,,"DX","8003006625100401521006",0,,"USHD","USHD",,2020-01-19 10:22:19,,1,"OPEN",,,"BLE",5500,2020-12-02 13:29:58,2021-01-20 00:04:29,"a1157b3e-ffa1-4a71-a8da-bceccdaf632d","3ccb9697-d5ed-43e5-ab25-f9cb7136da36"
2020-01-16 10:18:42,"SECOND",20200116,101842,,"TT","8003006625100401521007",0,,"USVU","USHD",,2020-01-16 10:18:43,,1,"CLOSED",,,"BLE",550,2020-12-02 13:29:58,2021-01-20 00:04:29,"a1157b3e-ffa1-4a71-a8da-bceccdaf632d","3ccb9697-d5ed-43e5-ab25-f9cb7136da36"
2020-01-16 10:18:43,"SECOND",20200116,101843,,"DX","8003006625100401521007",0,,"USHD","USHD",,2020-01-24 10:25:55,,1,"OPEN",,,"BLE",5500,2020-12-02 13:29:58,2021-01-20 00:04:29,"a1157b3e-ffa1-4a71-a8da-bceccdaf632d","3ccb9697-d5ed-43e5-ab25-f9cb7136da36"
2020-01-16 10:18:44,"SECOND",20200116,101844,,"TT","8003006625100401521008",0,,"USVU","USHD",,2020-01-16 10:18:45,,1,"CLOSED",,,"BLE",550,2020-12-02 13:29:58,2021-01-20 00:04:29,"a1157b3e-ffa1-4a71-a8da-bceccdaf632d","3ccb9697-d5ed-43e5-ab25-f9cb7136da36"
2020-01-16 10:18:45,"SECOND",20200116,101845,,"DX","8003006625100401521008",0,,"USHD","USHD",,2020-01-24 10:25:57,,1,"OPEN",,,"BLE",5500,2020-12-02 13:29:58,2021-01-20 00:04:29,"a1157b3e-ffa1-4a71-a8da-bceccdaf632d","3ccb9697-d5ed-43e5-ab25-f9cb7136da36"
2020-01-16 10:18:45,"SECOND",20200116,101845,,"TT","8003006625100401521009",0,,"USVU","USHD",,2020-01-16 10:18:46,,1,"CLOSED",,,"BLE",550,2020-12-02 13:29:58,2021-01-20 00:04:29,"a1157b3e-ffa1-4a71-a8da-bceccdaf632d","3ccb9697-d5ed-43e5-ab25-f9cb7136da36"
2020-01-16 10:18:47,"SECOND",20200116,101847,,"TT","8003006625100401521010",0,,"USVU","USHD",,2020-01-16 10:18:48,,1,"CLOSED",,,"BLE",550,2020-12-02 13:29:58,2021-01-20 00:04:29,"a1157b3e-ffa1-4a71-a8da-bceccdaf632d","3ccb9697-d5ed-43e5-ab25-f9cb7136da36"
2020-01-16 10:18:48,"SECOND",20200116,101848,,"DX","8003006625100401521010",0,,"USHD","USHD",,2020-01-18 10:21:20,,1,"OPEN",,,"BLE",5500,2020-12-02 13:29:58,2021-01-20 00:04:29,"a1157b3e-ffa1-4a71-a8da-bceccdaf632d","3ccb9697-d5ed-43e5-ab25-f9cb7136da36"
2020-02-11 10:28:09,"SECOND",20200211,102809,,"DX","8003006625100401521001",0,,"USHD","USHD",,2020-02-11 10:28:09,,1,"OPEN",,,"BLE",550,2020-12-02 13:18:33,2021-01-20 00:04:29,"a1157b3e-ffa1-4a71-a8da-bceccdaf632d","3ccb9697-d5ed-43e5-ab25-f9cb7136da36"
2020-03-10 10:28:35,"SECOND",20200310,102835,,"DX","8003006625100401521004",0,,"USMY","USMY",,2020-03-10 10:28:35,,1,"OPEN",,,"BLE",550,2020-12-02 13:29:58,2021-01-20 00:04:29,"a1157b3e-ffa1-4a71-a8da-bceccdaf632d","3ccb9697-d5ed-43e5-ab25-f9cb7136da36"
2020-04-10 10:28:56,"SECOND",20200410,102856,,"DX","8003006625100401521005",0,,"USMY","USMY",,2020-04-10 10:28:56,,1,"OPEN",,,"BLE",550,2020-12-02 13:29:58,2021-01-20 00:04:29,"a1157b3e-ffa1-4a71-a8da-bceccdaf632d","3ccb9697-d5ed-43e5-ab25-f9cb7136da36"
2020-05-01 02:12:01,"SECOND",20200501,21201,,"DX","8003006625100401521018",0,,"UTO7","UTO7",,2020-05-02 10:42:15,,1,"CLOSED",,,"BLE",550,2020-12-02 13:29:58,2021-01-20 00:04:29,"a1157b3e-ffa1-4a71-a8da-bceccdaf632d","3ccb9697-d5ed-43e5-ab25-f9cb7136da36"
2020-05-01 02:12:01,"SECOND",20200501,21201,,"DX","8003006625100401521021",0,,"UTO7","UTO7",,2020-05-02 10:49:35,,1,"CLOSED",,,"BLE",550,2020-12-02 13:29:58,2021-01-20 00:04:29,"a1157b3e-ffa1-4a71-a8da-bceccdaf632d","3ccb9697-d5ed-43e5-ab25-f9cb7136da36"
2020-05-01 02:12:01,"SECOND",20200501,21201,,"DX","8003006625100401521020",0,,"UTO7","UTO7",,2020-05-02 10:42:18,,1,"CLOSED",,,"BLE",550,2020-12-02 13:29:58,2021-01-20 00:04:29,"a1157b3e-ffa1-4a71-a8da-bceccdaf632d","3ccb9697-d5ed-43e5-ab25-f9cb7136da36"
2020-05-01 02:12:01,"SECOND",20200501,21201,,"DX","8003006625100401521019",0,,"UTO7","UTO7",,2020-05-02 10:42:17,,1,"CLOSED",,,"BLE",550,2020-12-02 13:29:58,2021-01-20 00:04:29,"a1157b3e-ffa1-4a71-a8da-bceccdaf632d","3ccb9697-d5ed-43e5-ab25-f9cb7136da36"
2020-05-01 10:27:30,"SECOND",20200501,102730,,"DX","8003006625100401521003",0,,"USMY","USMY",,2020-05-01 10:27:30,,1,"OPEN",,,"BLE",550,2020-12-02 13:29:58,2021-01-20 00:04:29,"a1157b3e-ffa1-4a71-a8da-bceccdaf632d","3ccb9697-d5ed-43e5-ab25-f9cb7136da36"
2020-05-01 10:27:30,"SECOND",20200501,102730,,"DX","8003006625100401521002",0,,"USMY","USMY",,2020-05-01 10:27:30,,1,"OPEN",,,"BLE",550,2020-12-02 13:29:58,2021-01-20 00:04:29,"a1157b3e-ffa1-4a71-a8da-bceccdaf632d","3ccb9697-d5ed-43e5-ab25-f9cb7136da36"
2020-05-02 10:42:12,"SECOND",20200502,104212,,"DX","8003006625100401521017",0,,"UTO7","UTO7",,2020-05-02 10:42:14,,1,"CLOSED",,,"BLE",550,2020-12-02 13:29:58,2021-01-20 00:04:29,"a1157b3e-ffa1-4a71-a8da-bceccdaf632d","3ccb9697-d5ed-43e5-ab25-f9cb7136da36"
2020-05-02 10:42:14,"SECOND",20200502,104214,,"TT","8003006625100401521017",0,,"UTO7","USHD",,2020-05-02 10:42:15,,1,"CLOSED",,,"BLE",550,2020-12-02 13:29:58,2021-01-20 00:04:29,"a1157b3e-ffa1-4a71-a8da-bceccdaf632d","3ccb9697-d5ed-43e5-ab25-f9cb7136da36"
2020-05-02 10:42:15,"SECOND",20200502,104215,,"TT","8003006625100401521018",0,,"UTO7","USHD",,2020-05-02 10:42:16,,1,"CLOSED",,,"BLE",550,2020-12-02 13:29:58,2021-01-20 00:04:29,"a1157b3e-ffa1-4a71-a8da-bceccdaf632d","3ccb9697-d5ed-43e5-ab25-f9cb7136da36"
2020-05-02 10:42:15,"SECOND",20200502,104215,,"DX","8003006625100401521017",0,,"USHD","USHD",,2020-08-21 10:44:26,,1,"CLOSED",,,"BLE",5500,2020-12-02 13:29:58,2021-01-20 00:04:29,"a1157b3e-ffa1-4a71-a8da-bceccdaf632d","3ccb9697-d5ed-43e5-ab25-f9cb7136da36"
2020-05-02 10:42:16,"SECOND",20200502,104216,,"DX","8003006625100401521018",0,,"USHD","USHD",,2020-08-05 10:45:02,,1,"CLOSED",,,"BLE",5500,2020-12-02 13:29:58,2021-01-20 00:04:29,"a1157b3e-ffa1-4a71-a8da-bceccdaf632d","3ccb9697-d5ed-43e5-ab25-f9cb7136da36"
2020-05-02 10:42:17,"SECOND",20200502,104217,,"TT","8003006625100401521019",0,,"UTO7","USHD",,2020-05-02 10:42:18,,1,"CLOSED",,,"BLE",550,2020-12-02 13:29:58,2021-01-20 00:04:29,"a1157b3e-ffa1-4a71-a8da-bceccdaf632d","3ccb9697-d5ed-43e5-ab25-f9cb7136da36"
2020-05-02 10:42:18,"SECOND",20200502,104218,,"TT","8003006625100401521020",0,,"UTO7","USHD",,2020-05-02 10:42:19,,1,"CLOSED",,,"BLE",550,2020-12-02 13:29:58,2021-01-20 00:04:29,"a1157b3e-ffa1-4a71-a8da-bceccdaf632d","3ccb9697-d5ed-43e5-ab25-f9cb7136da36"
2020-05-02 10:42:18,"SECOND",20200502,104218,,"DX","8003006625100401521019",0,,"USHD","USHD",,2020-07-15 10:45:50,,1,"CLOSED",,,"BLE",5500,2020-12-02 13:29:58,2021-01-20 00:04:29,"a1157b3e-ffa1-4a71-a8da-bceccdaf632d","3ccb9697-d5ed-43e5-ab25-f9cb7136da36"
2020-05-02 10:42:19,"SECOND",20200502,104219,,"DX","8003006625100401521020",0,,"USHD","USHD",,2020-06-15 10:46:14,,1,"CLOSED",,,"BLE",5500,2020-12-02 13:29:58,2021-01-20 00:04:29,"a1157b3e-ffa1-4a71-a8da-bceccdaf632d","3ccb9697-d5ed-43e5-ab25-f9cb7136da36"
2020-05-02 10:49:35,"SECOND",20200502,104935,,"TT","8003006625100401521021",0,,"UTO7","4000291413",,2020-05-02 10:49:36,,1,"CLOSED",,,"BLE",550,2020-12-02 13:29:58,2021-01-20 00:04:29,"a1157b3e-ffa1-4a71-a8da-bceccdaf632d","3ccb9697-d5ed-43e5-ab25-f9cb7136da36"
2020-05-02 10:49:36,"SECOND",20200502,104936,,"DX","8003006625100401521021",0,,"4000291413","4000291413",,2020-05-03 00:48:05,,1,"CLOSED",,,"BLE",550,2020-12-02 13:29:58,2021-01-20 00:04:29,"a1157b3e-ffa1-4a71-a8da-bceccdaf632d","3ccb9697-d5ed-43e5-ab25-f9cb7136da36"
2020-05-03 00:48:05,"SECOND",20200503,4805,,"DX","8003006625100401521021",0,,"5000810117","5000810117",,2020-05-03 00:48:06,,1,"CLOSED",,,"BLE",550,2020-12-02 13:29:58,2021-01-20 00:04:29,"a1157b3e-ffa1-4a71-a8da-bceccdaf632d","3ccb9697-d5ed-43e5-ab25-f9cb7136da36"
2020-05-03 00:48:06,"SECOND",20200503,4806,,"TT","8003006625100401521021",0,,"5000810117","6101006921",,2020-05-03 00:48:07,,1,"CLOSED",,,"BLE",550,2020-12-02 13:29:58,2021-01-20 00:04:29,"a1157b3e-ffa1-4a71-a8da-bceccdaf632d","3ccb9697-d5ed-43e5-ab25-f9cb7136da36"
2020-05-03 00:48:07,"SECOND",20200503,4807,,"DX","8003006625100401521021",0,,"6101006921","6101006921",,2020-05-03 00:48:07,,1,"OPEN",,,"BLE",550,2020-12-02 13:29:58,2021-01-20 00:04:29,"a1157b3e-ffa1-4a71-a8da-bceccdaf632d","3ccb9697-d5ed-43e5-ab25-f9cb7136da36"
2020-06-01 11:31:19,"SECOND",20200601,113119,,"DX","8003006625100401521014",0,,"UTO7","UTO7",,2020-06-01 11:31:20,,1,"OPEN",,,"BLE",550,2020-12-02 13:29:58,2021-01-20 00:04:29,"a1157b3e-ffa1-4a71-a8da-bceccdaf632d","3ccb9697-d5ed-43e5-ab25-f9cb7136da36"
2020-06-15 10:46:14,"SECOND",20200615,104614,,"TT","8003006625100401521020",0,,"USHD","4000291413",,2020-06-15 10:46:15,,1,"CLOSED",,,"BLE",550,2020-12-02 13:29:58,2021-01-20 00:04:29,"a1157b3e-ffa1-4a71-a8da-bceccdaf632d","3ccb9697-d5ed-43e5-ab25-f9cb7136da36"
2020-06-15 10:46:15,"SECOND",20200615,104615,,"DX","8003006625100401521020",0,,"4000291413","4000291413",,2020-06-15 10:46:15,,1,"OPEN",,,"BLE",550,2020-12-02 13:29:58,2021-01-20 00:04:29,"a1157b3e-ffa1-4a71-a8da-bceccdaf632d","3ccb9697-d5ed-43e5-ab25-f9cb7136da36"
2020-07-15 10:45:50,"SECOND",20200715,104550,,"TT","8003006625100401521019",0,,"USHD","4000291413",,2020-07-15 10:45:51,,1,"CLOSED",,,"BLE",550,2020-12-02 13:29:58,2021-01-20 00:04:29,"a1157b3e-ffa1-4a71-a8da-bceccdaf632d","3ccb9697-d5ed-43e5-ab25-f9cb7136da36"
2020-07-15 10:45:51,"SECOND",20200715,104551,,"DX","8003006625100401521019",0,,"4000291413","4000291413",,2020-07-15 10:45:51,,1,"OPEN",,,"BLE",550,2020-12-02 13:29:58,2021-01-20 00:04:29,"a1157b3e-ffa1-4a71-a8da-bceccdaf632d","3ccb9697-d5ed-43e5-ab25-f9cb7136da36"
2020-08-05 10:45:02,"SECOND",20200805,104502,,"TT","8003006625100401521018",0,,"USHD","4000291413",,2020-08-05 10:45:03,,1,"CLOSED",,,"BLE",550,2020-12-02 13:29:58,2021-01-20 00:04:29,"a1157b3e-ffa1-4a71-a8da-bceccdaf632d","3ccb9697-d5ed-43e5-ab25-f9cb7136da36"
2020-08-05 10:45:03,"SECOND",20200805,104503,,"DX","8003006625100401521018",0,,"4000291413","4000291413",,2020-08-05 10:45:03,,1,"OPEN",,,"BLE",550,2020-12-02 13:29:58,2021-01-20 00:04:29,"a1157b3e-ffa1-4a71-a8da-bceccdaf632d","3ccb9697-d5ed-43e5-ab25-f9cb7136da36"
2020-08-21 10:44:26,"SECOND",20200821,104426,,"TT","8003006625100401521017",0,,"USHD","4000291413",,2020-08-21 10:44:27,,1,"CLOSED",,,"BLE",550,2020-12-02 13:29:58,2021-01-20 00:04:29,"a1157b3e-ffa1-4a71-a8da-bceccdaf632d","3ccb9697-d5ed-43e5-ab25-f9cb7136da36"
2020-08-21 10:44:27,"SECOND",20200821,104427,,"DX","8003006625100401521017",0,,"4000291413","4000291413",,2020-08-21 10:44:27,,1,"OPEN",,,"BLE",550,2020-12-02 13:29:58,2021-01-20 00:04:29,"a1157b3e-ffa1-4a71-a8da-bceccdaf632d","3ccb9697-d5ed-43e5-ab25-f9cb7136da36"
2020-09-09 14:32:56,"SECOND",20200909,143256,,"DX","8003006625100401148",0,,"5000810117","5000810117",,2020-09-09 14:32:58,,1,"CLOSED",,,"BLE",550,2021-01-14 23:31:24,2021-01-20 00:04:29,"3ccb9697-d5ed-43e5-ab25-f9cb7136da36","3ccb9697-d5ed-43e5-ab25-f9cb7136da36"
2020-09-09 14:32:59,"SECOND",20200909,143259,,"DX","8003006625100401148",0,,"UID","UID",,2020-09-22 14:40:20,,1,"CLOSED",,,"BLE",500,2021-01-14 23:31:24,2021-01-20 00:04:29,"3ccb9697-d5ed-43e5-ab25-f9cb7136da36","3ccb9697-d5ed-43e5-ab25-f9cb7136da36"
2020-09-22 14:40:20,"SECOND",20200922,144020,,"DX","8003006625100401148",0,,"5000810117","5000810117",,2020-09-22 14:40:21,,1,"CLOSED",,,"BLE",550,2021-01-14 23:31:24,2021-01-20 00:04:29,"3ccb9697-d5ed-43e5-ab25-f9cb7136da36","3ccb9697-d5ed-43e5-ab25-f9cb7136da36"
2020-09-22 14:40:21,"SECOND",20200922,144021,,"TT","8003006625100401148",0,,"5000810117","UID",,2020-09-22 14:40:22,,1,"CLOSED",,,"BLE",550,2021-01-14 23:31:24,2021-01-20 00:04:29,"3ccb9697-d5ed-43e5-ab25-f9cb7136da36","3ccb9697-d5ed-43e5-ab25-f9cb7136da36"
2020-09-22 14:40:22,"SECOND",20200922,144022,,"DX","8003006625100401148",0,,"UID","UID",,2020-09-23 10:07:23,,1,"CLOSED",,,"BLE",500,2021-01-14 23:31:24,2021-01-20 00:04:29,"3ccb9697-d5ed-43e5-ab25-f9cb7136da36","3ccb9697-d5ed-43e5-ab25-f9cb7136da36"
2020-09-22 14:45:58,"SECOND",20200922,144558,,"DX","8003006625100401521",0,,"5000810117","5000810117",,2020-09-22 14:46:00,,1,"CLOSED",,,"BLE",550,2021-01-14 23:31:24,2021-01-20 00:04:29,"3ccb9697-d5ed-43e5-ab25-f9cb7136da36","3ccb9697-d5ed-43e5-ab25-f9cb7136da36"
2020-09-22 14:46:00,"SECOND",20200922,144600,,"TT","8003006625100401521",0,,"5000810117","UID",,2020-09-22 14:46:01,,1,"CLOSED",,,"BLE",550,2021-01-14 23:31:24,2021-01-20 00:04:29,"3ccb9697-d5ed-43e5-ab25-f9cb7136da36","3ccb9697-d5ed-43e5-ab25-f9cb7136da36"
2020-09-22 14:46:01,"SECOND",20200922,144601,,"DX","8003006625100401521",0,,"UID","UID",,2020-09-22 14:51:36,,1,"CLOSED",,,"BLE",500,2021-01-14 23:31:24,2021-01-20 00:04:29,"3ccb9697-d5ed-43e5-ab25-f9cb7136da36","3ccb9697-d5ed-43e5-ab25-f9cb7136da36"
2020-09-22 14:46:01,"SECOND",20200922,144601,,"DX","8003006625100401522",0,,"5000810117","5000810117",,2020-09-22 14:46:03,,1,"CLOSED",,,"BLE",550,2021-01-14 23:31:24,2021-01-20 00:04:29,"3ccb9697-d5ed-43e5-ab25-f9cb7136da36","3ccb9697-d5ed-43e5-ab25-f9cb7136da36"
2020-09-22 14:46:03,"SECOND",20200922,144603,,"TT","8003006625100401522",0,,"5000810117","UID",,2020-09-22 14:46:04,,1,"CLOSED",,,"BLE",550,2021-01-14 23:31:24,2021-01-20 00:04:29,"3ccb9697-d5ed-43e5-ab25-f9cb7136da36","3ccb9697-d5ed-43e5-ab25-f9cb7136da36"
2020-09-22 14:46:04,"SECOND",20200922,144604,,"DX","8003006625100401522",0,,"UID","UID",,2020-09-22 14:51:22,,1,"CLOSED",,,"BLE",500,2021-01-14 23:31:24,2021-01-20 00:04:29,"3ccb9697-d5ed-43e5-ab25-f9cb7136da36","3ccb9697-d5ed-43e5-ab25-f9cb7136da36"
2020-09-22 14:51:22,"SECOND",20200922,145122,,"DX","8003006625100401522",0,,"5000810117","5000810117",,2020-09-22 14:51:23,,1,"CLOSED",,,"BLE",550,2021-01-14 23:31:24,2021-01-20 00:04:29,"3ccb9697-d5ed-43e5-ab25-f9cb7136da36","3ccb9697-d5ed-43e5-ab25-f9cb7136da36"
2020-09-22 14:51:23,"SECOND",20200922,145123,,"TT","8003006625100401522",0,,"5000810117","UID",,2020-09-22 14:51:24,,1,"CLOSED",,,"BLE",550,2021-01-14 23:31:24,2021-01-20 00:04:29,"3ccb9697-d5ed-43e5-ab25-f9cb7136da36","3ccb9697-d5ed-43e5-ab25-f9cb7136da36"
2020-09-22 14:51:24,"SECOND",20200922,145124,,"DX","8003006625100401522",0,,"UID","UID",,2020-09-22 14:51:34,,1,"CLOSED",,,"BLE",500,2021-01-14 23:31:24,2021-01-20 00:04:29,"3ccb9697-d5ed-43e5-ab25-f9cb7136da36","3ccb9697-d5ed-43e5-ab25-f9cb7136da36"
2020-09-22 14:51:34,"SECOND",20200922,145134,,"DX","8003006625100401522",0,,"5000810117","5000810117",,2020-09-22 14:51:35,,1,"CLOSED",,,"BLE",550,2021-01-14 23:31:24,2021-01-20 00:04:29,"3ccb9697-d5ed-43e5-ab25-f9cb7136da36","3ccb9697-d5ed-43e5-ab25-f9cb7136da36"
2020-09-22 14:51:35,"SECOND",20200922,145135,,"TT","8003006625100401522",0,,"5000810117","UID",,2020-09-22 14:51:36,,1,"CLOSED",,,"BLE",550,2021-01-14 23:31:24,2021-01-20 00:04:29,"3ccb9697-d5ed-43e5-ab25-f9cb7136da36","3ccb9697-d5ed-43e5-ab25-f9cb7136da36"
2020-09-22 14:51:36,"SECOND",20200922,145136,,"DX","8003006625100401521",0,,"5000810117","5000810117",,2020-09-22 14:51:37,,1,"CLOSED",,,"BLE",550,2021-01-14 23:31:24,2021-01-20 00:04:29,"3ccb9697-d5ed-43e5-ab25-f9cb7136da36","3ccb9697-d5ed-43e5-ab25-f9cb7136da36"
2020-09-22 14:51:36,"SECOND",20200922,145136,,"DX","8003006625100401522",0,,"UID","UID",,2020-09-22 14:51:47,,1,"CLOSED",,,"BLE",500,2021-01-14 23:31:24,2021-01-20 00:04:29,"3ccb9697-d5ed-43e5-ab25-f9cb7136da36","3ccb9697-d5ed-43e5-ab25-f9cb7136da36"
2020-09-22 14:51:37,"SECOND",20200922,145137,,"TT","8003006625100401521",0,,"5000810117","UID",,2020-09-22 14:51:38,,1,"CLOSED",,,"BLE",550,2021-01-14 23:31:24,2021-01-20 00:04:29,"3ccb9697-d5ed-43e5-ab25-f9cb7136da36","3ccb9697-d5ed-43e5-ab25-f9cb7136da36"
2020-09-22 14:51:38,"SECOND",20200922,145138,,"DX","8003006625100401521",0,,"UID","UID",,2020-09-22 14:51:49,,1,"CLOSED",,,"BLE",500,2021-01-14 23:31:24,2021-01-20 00:04:29,"3ccb9697-d5ed-43e5-ab25-f9cb7136da36","3ccb9697-d5ed-43e5-ab25-f9cb7136da36"
2020-09-22 14:51:47,"SECOND",20200922,145147,,"DX","8003006625100401522",0,,"5000810117","5000810117",,2020-09-22 14:51:48,,1,"CLOSED",,,"BLE",550,2021-01-14 23:31:24,2021-01-20 00:04:29,"3ccb9697-d5ed-43e5-ab25-f9cb7136da36","3ccb9697-d5ed-43e5-ab25-f9cb7136da36"
2020-09-22 14:51:48,"SECOND",20200922,145148,,"TT","8003006625100401522",0,,"5000810117","UID",,2020-09-22 14:51:49,,1,"CLOSED",,,"BLE",550,2021-01-14 23:31:24,2021-01-20 00:04:29,"3ccb9697-d5ed-43e5-ab25-f9cb7136da36","3ccb9697-d5ed-43e5-ab25-f9cb7136da36"
2020-09-22 14:51:49,"SECOND",20200922,145149,,"DX","8003006625100401521",0,,"5000810117","5000810117",,2020-09-22 14:51:50,,1,"CLOSED",,,"BLE",550,2021-01-14 23:31:24,2021-01-20 00:04:29,"3ccb9697-d5ed-43e5-ab25-f9cb7136da36","3ccb9697-d5ed-43e5-ab25-f9cb7136da36"
2020-09-22 14:51:49,"SECOND",20200922,145149,,"DX","8003006625100401522",0,,"UID","UID",,2020-09-23 10:07:22,,1,"CLOSED",,,"BLE",500,2021-01-14 23:31:24,2021-01-20 00:04:29,"3ccb9697-d5ed-43e5-ab25-f9cb7136da36","3ccb9697-d5ed-43e5-ab25-f9cb7136da36"
2020-09-22 14:51:50,"SECOND",20200922,145150,,"TT","8003006625100401521",0,,"5000810117","UID",,2020-09-22 14:51:51,,1,"CLOSED",,,"BLE",550,2021-01-14 23:31:24,2021-01-20 00:04:29,"3ccb9697-d5ed-43e5-ab25-f9cb7136da36","3ccb9697-d5ed-43e5-ab25-f9cb7136da36"
2020-09-22 14:51:51,"SECOND",20200922,145151,,"DX","8003006625100401521",0,,"UID","UID",,2020-09-22 21:46:00,,1,"CLOSED",,,"BLE",500,2021-01-14 23:31:24,2021-01-20 00:04:29,"3ccb9697-d5ed-43e5-ab25-f9cb7136da36","3ccb9697-d5ed-43e5-ab25-f9cb7136da36"
2020-09-22 15:32:33,"SECOND",20200922,153233,,"DX","8003006625100401523",0,,"5000810117","5000810117",,2020-09-23 10:22:06,,1,"OPEN",,,"BLE",550,2021-01-14 23:31:24,2021-01-20 00:04:29,"3ccb9697-d5ed-43e5-ab25-f9cb7136da36","3ccb9697-d5ed-43e5-ab25-f9cb7136da36"
2020-09-22 21:45:58,"SECOND",20200922,214558,,"DX","8003006141410401551",0,,"UID","UID",,2020-09-22 21:46:00,,1,"CLOSED",,,"BLE",500,2021-01-14 23:31:24,2021-01-20 00:04:29,"3ccb9697-d5ed-43e5-ab25-f9cb7136da36","3ccb9697-d5ed-43e5-ab25-f9cb7136da36"
2020-09-22 21:45:58,"SECOND",20200922,214558,,"DX","80030061414126615961",0,,"UID","UID",,2020-09-22 21:46:00,,1,"CLOSED",,,"BLE",500,2021-01-14 23:31:24,2021-01-20 00:04:29,"3ccb9697-d5ed-43e5-ab25-f9cb7136da36","3ccb9697-d5ed-43e5-ab25-f9cb7136da36"
2020-09-22 21:46:00,"SECOND",20200922,214600,,"TT","8003006625100401521",0,,"UID","UID",,2020-09-22 21:46:01,,1,"CLOSED",,,"BLE",500,2021-01-14 23:31:24,2021-01-20 00:04:29,"3ccb9697-d5ed-43e5-ab25-f9cb7136da36","3ccb9697-d5ed-43e5-ab25-f9cb7136da36"
2020-09-22 21:46:00,"SECOND",20200922,214600,,"TT","8003006141410401551",0,,"UID","UID",,2020-09-22 21:46:01,,1,"CLOSED",,,"BLE",500,2021-01-14 23:31:24,2021-01-20 00:04:29,"3ccb9697-d5ed-43e5-ab25-f9cb7136da36","3ccb9697-d5ed-43e5-ab25-f9cb7136da36"
2020-09-22 21:46:00,"SECOND",20200922,214600,,"TT","80030061414126615961",0,,"UID","UID",,2020-09-22 21:46:01,,1,"CLOSED",,,"BLE",500,2021-01-14 23:31:24,2021-01-20 00:04:29,"3ccb9697-d5ed-43e5-ab25-f9cb7136da36","3ccb9697-d5ed-43e5-ab25-f9cb7136da36"
2020-09-22 21:46:01,"SECOND",20200922,214601,,"DX","8003006625100401521",0,,"UID","UID",,2020-09-23 10:14:38,,1,"CLOSED",,,"BLE",500,2021-01-14 23:31:24,2021-01-20 00:04:29,"3ccb9697-d5ed-43e5-ab25-f9cb7136da36","3ccb9697-d5ed-43e5-ab25-f9cb7136da36"
2020-09-22 21:46:01,"SECOND",20200922,214601,,"DX","8003006141410401551",0,,"UID","UID",,2020-09-22 21:46:01,,1,"OPEN",,,"BLE",500,2021-01-14 23:31:24,2021-01-20 00:04:29,"3ccb9697-d5ed-43e5-ab25-f9cb7136da36","3ccb9697-d5ed-43e5-ab25-f9cb7136da36"
2020-09-22 21:46:01,"SECOND",20200922,214601,,"DX","80030061414126615961",0,,"UID","UID",,2020-09-22 21:46:01,,1,"OPEN",,,"BLE",500,2021-01-14 23:31:24,2021-01-20 00:04:29,"3ccb9697-d5ed-43e5-ab25-f9cb7136da36","3ccb9697-d5ed-43e5-ab25-f9cb7136da36"
2020-09-23 10:07:22,"SECOND",20200923,100722,,"DX","8003006625100401522",0,,"5000810117","5000810117",,2020-10-27 14:53:59,,1,"CLOSED",,,"BLE",5500,2021-01-14 23:31:24,2021-01-20 00:04:29,"3ccb9697-d5ed-43e5-ab25-f9cb7136da36","3ccb9697-d5ed-43e5-ab25-f9cb7136da36"
2020-09-23 10:07:23,"SECOND",20200923,100723,,"DX","8003006625100401148",0,,"5000810117","5000810117",,2020-09-29 14:14:11,,1,"OPEN",,,"BLE",5500,2021-01-14 23:31:24,2021-01-20 00:04:29,"3ccb9697-d5ed-43e5-ab25-f9cb7136da36","3ccb9697-d5ed-43e5-ab25-f9cb7136da36"
2020-09-23 10:09:29,"SECOND",20200923,100929,,"DX","8003006625100401147",0,,"5000810117","5000810117",,2020-09-23 10:22:08,,1,"OPEN",,,"BLE",550,2021-01-14 23:31:24,2021-01-20 00:04:29,"3ccb9697-d5ed-43e5-ab25-f9cb7136da36","3ccb9697-d5ed-43e5-ab25-f9cb7136da36"
2020-09-23 10:09:33,"SECOND",20200923,100933,,"DX","8003006625100401145",0,,"5000810117","5000810117",,2020-09-29 14:14:08,,1,"OPEN",,,"BLE",5500,2021-01-14 23:31:24,2021-01-20 00:04:29,"3ccb9697-d5ed-43e5-ab25-f9cb7136da36","3ccb9697-d5ed-43e5-ab25-f9cb7136da36"
2020-09-23 10:09:34,"SECOND",20200923,100934,,"DX","8003006625100401146",0,,"5000810117","5000810117",,2020-09-23 10:21:59,,1,"OPEN",,,"BLE",550,2021-01-14 23:31:24,2021-01-20 00:04:29,"3ccb9697-d5ed-43e5-ab25-f9cb7136da36","3ccb9697-d5ed-43e5-ab25-f9cb7136da36"
2020-09-23 10:09:35,"SECOND",20200923,100935,,"DX","8003006625100401524",0,,"5000810117","5000810117",,2020-09-29 14:14:08,,1,"OPEN",,,"BLE",5500,2021-01-14 23:31:24,2021-01-20 00:04:29,"3ccb9697-d5ed-43e5-ab25-f9cb7136da36","3ccb9697-d5ed-43e5-ab25-f9cb7136da36"
2020-09-23 10:10:02,"SECOND",20200923,101002,,"DX","8003006625100401149",0,,"5000810117","5000810117",,2020-09-29 14:14:08,,1,"OPEN",,,"BLE",5500,2021-01-14 23:31:24,2021-01-20 00:04:29,"3ccb9697-d5ed-43e5-ab25-f9cb7136da36","3ccb9697-d5ed-43e5-ab25-f9cb7136da36"
2020-09-23 10:14:38,"SECOND",20200923,101438,,"DX","8003006625100401521",0,,"5000810117","5000810117",,2020-09-29 14:14:09,,1,"OPEN",,,"BLE",5500,2021-01-14 23:31:24,2021-01-20 00:04:29,"3ccb9697-d5ed-43e5-ab25-f9cb7136da36","3ccb9697-d5ed-43e5-ab25-f9cb7136da36"
2020-09-23 10:22:03,"SECOND",20200923,102203,,"DX","80030066251004011410",0,,"5000810117","5000810117",,2020-09-29 14:14:08,,1,"OPEN",,,"BLE",550,2021-01-14 23:31:24,2021-01-20 00:04:29,"3ccb9697-d5ed-43e5-ab25-f9cb7136da36","3ccb9697-d5ed-43e5-ab25-f9cb7136da36"
2020-10-27 14:53:59,"SECOND",20201027,145359,,"DX","8003006625100401522",0,,"UID","UID",,2020-10-27 14:54:00,,1,"CLOSED",,,"BLE",5000,2021-01-14 23:31:24,2021-01-20 00:04:29,"3ccb9697-d5ed-43e5-ab25-f9cb7136da36","3ccb9697-d5ed-43e5-ab25-f9cb7136da36"
2020-10-27 14:54:00,"SECOND",20201027,145400,,"TT","8003006625100401522",0,,"UID","UID",,2020-10-27 14:54:01,,1,"CLOSED",,,"BLE",500,2021-01-14 23:31:24,2021-01-20 00:04:29,"3ccb9697-d5ed-43e5-ab25-f9cb7136da36","3ccb9697-d5ed-43e5-ab25-f9cb7136da36"
2020-10-27 14:54:01,"SECOND",20201027,145401,,"DX","8003006625100401522",0,,"UID","UID",,2020-10-28 21:14:00,,1,"CLOSED",,,"BLE",500,2021-01-14 23:31:24,2021-01-20 00:04:29,"3ccb9697-d5ed-43e5-ab25-f9cb7136da36","3ccb9697-d5ed-43e5-ab25-f9cb7136da36"
2020-10-28 21:14:00,"SECOND",20201028,211400,,"TT","8003006625100401522",0,,"UID","UID",,2020-10-28 21:14:01,,1,"CLOSED",,,"BLE",500,2021-01-14 23:31:24,2021-01-20 00:04:29,"3ccb9697-d5ed-43e5-ab25-f9cb7136da36","3ccb9697-d5ed-43e5-ab25-f9cb7136da36"
2020-10-28 21:14:01,"SECOND",20201028,211401,,"DX","8003006625100401522",0,,"UID","UID",,2020-10-28 21:26:00,,1,"CLOSED",,,"BLE",500,2021-01-14 23:31:24,2021-01-20 00:04:29,"3ccb9697-d5ed-43e5-ab25-f9cb7136da36","3ccb9697-d5ed-43e5-ab25-f9cb7136da36"
2020-10-28 21:26:00,"SECOND",20201028,212600,,"TT","8003006625100401522",0,,"UID","UID",,2020-10-28 21:26:01,,1,"CLOSED",,,"BLE",500,2021-01-14 23:31:24,2021-01-20 00:04:29,"3ccb9697-d5ed-43e5-ab25-f9cb7136da36","3ccb9697-d5ed-43e5-ab25-f9cb7136da36"
2020-10-28 21:26:01,"SECOND",20201028,212601,,"DX","8003006625100401522",0,,"UID","UID",,2020-10-28 21:33:00,,1,"CLOSED",,,"BLE",500,2021-01-14 23:31:24,2021-01-20 00:04:29,"3ccb9697-d5ed-43e5-ab25-f9cb7136da36","3ccb9697-d5ed-43e5-ab25-f9cb7136da36"
2020-10-28 21:33:00,"SECOND",20201028,213300,,"TT","8003006625100401522",0,,"UID","UID",,2020-10-28 21:33:01,,1,"CLOSED",,,"BLE",500,2021-01-14 23:31:24,2021-01-20 00:04:29,"3ccb9697-d5ed-43e5-ab25-f9cb7136da36","3ccb9697-d5ed-43e5-ab25-f9cb7136da36"
2020-10-28 21:33:01,"SECOND",20201028,213301,,"DX","8003006625100401522",0,,"UID","UID",,2020-10-28 21:54:00,,1,"CLOSED",,,"BLE",500,2021-01-14 23:31:24,2021-01-20 00:04:29,"3ccb9697-d5ed-43e5-ab25-f9cb7136da36","3ccb9697-d5ed-43e5-ab25-f9cb7136da36"
2020-10-28 21:54:00,"SECOND",20201028,215400,,"TT","8003006625100401522",0,,"UID","UID",,2020-10-28 21:54:01,,1,"CLOSED",,,"BLE",500,2021-01-14 23:31:24,2021-01-20 00:04:29,"3ccb9697-d5ed-43e5-ab25-f9cb7136da36","3ccb9697-d5ed-43e5-ab25-f9cb7136da36"
2020-10-28 21:54:01,"SECOND",20201028,215401,,"DX","8003006625100401522",0,,"UID","UID",,2020-10-28 21:54:01,,1,"OPEN",,,"BLE",500,2021-01-14 23:31:24,2021-01-20 00:04:29,"3ccb9697-d5ed-43e5-ab25-f9cb7136da36","3ccb9697-d5ed-43e5-ab25-f9cb7136da36"
